rocket,launch_cost_m_usd
Long March 3B,87.2
Antares,74.4
Long March 2C,24.3
Long March 2F,23.3
H-II,166.2
Zhuque-2,11.3
Pegasus XL,30.8
Long March 1,23.3
Proton-M,94.2
Long March 3B,84.1
New Glenn,0.5
Minotaur I,31.4
Delta IV Medium,208.3
Long March 2D,22.1
Hyperbola-1,11.3
Proton-M,97.5
Antares,88.4
Long March 2F,23.3
Proton-M,88.8
H-IIA,76.5
Long March 4B,24.9
Soyuz-FG,66.2
Proton-M,91.0
Ariane 4,166.2
Soyuz-FG,78.1
Saturn IB,1602.2
Proton-M,117.8
Thor-Delta,1602.2
Long March 4B,25.0
Ariane 4,166.2
Proton-M,116.2
GSLV Mk III (LVM3),89.9
New Shepard,0.6
Kuaizhou-1A,4.5
Titan IV,419.3
Long March 2D,15.7
Long March 4B,21.4
Ariane 5 ECA,182.1
Long March 1,23.3
Delta IV Medium,166.6
Proton-M,102.3
Saturn V,1602.2
Saturn IB,1602.2
Saturn V,1602.2
Long March 1,23.3
Long March 2C,14.4
Thor-Delta,1602.2
Ariane 4,166.2
Proton-M,102.8
Ariane 5 ECA,199.6
Soyuz-ST,73.3
Delta IV Medium,205.5
Titan IV,450.2
Minotaur I,30.5
Long March 4B,24.3
Antares,90.6
Long March 2C,17.3
Kuaizhou-1A,5.0
Space Shuttle,1872.3
Delta IV Medium,106.9
Angara-A5,103.5
Delta IV Heavy,395.3
Delta IV Heavy,350.5
Titan IV,353.1
Angara-A5,123.4
Thor-Delta,1602.2
Long March 2D,16.8
Long March 3B,80.0
Soyuz-FG,98.0
Ceres-1,11.3
Soyuz-FG,84.9
Long March 1,23.3
Soyuz-FG,68.1
Saturn V,1602.2
Ariane 5 ECA,207.7
Long March 2D,23.5
Saturn IB,1602.2
Falcon 9 FT,80.1
Saturn IB,1602.2
Saturn V,1602.2
Ariane 5 ECA,246.4
Soyuz-FG,77.3
New Shepard,0.6
Long March 2C,19.8
Soyuz-FG,81.9
Ariane 4,166.2
Saturn IB,1602.2
Long March 11,10.2
Ariane 4,166.2
Soyuz-U,30.3
Titan IV,503.9
Long March 5,150.1
Long March 5,148.7
Titan IV,546.7
Thor-Delta,1602.2
Delta IV Medium,161.6
Angara-A5,84.4
Space Shuttle,1590.6
Space Shuttle,1764.7
Thor-Delta,1602.2
Saturn IB,1602.2
Saturn V,1602.2
Rokot,30.4
Long March 4B,23.6
Proton-M,80.8
Saturn IB,1602.2
Long March 2C,14.9
Thor-Delta,1602.2
Long March 11,10.7
Saturn V,1602.2
Saturn IB,1602.2
Long March 2F,23.3
Long March 1,23.3
Soyuz-FG,86.9
H-IIA,108.6
Rokot,28.7
Ariane 5 ECA,256.4
Titan IV,377.3
Minotaur I,31.4
Long March 2D,21.4
Long March 2C,17.3
Antares,79.1
Proton-M,106.7
Zhuque-2,11.3
Long March 1,23.3
Saturn V,1602.2
Titan IV,477.7
Saturn V,1602.2
Long March 2C,17.7
Long March 2F,23.3
Space Shuttle,2126.9
Falcon Heavy,101.4
Space Shuttle,1674.1
Saturn IB,1602.2
Long March 5,164.6
Titan IV,418.9
Long March 2D,21.6
Long March 4B,24.1
H-IIA,94.1
Titan IV,477.7
Atlas V,221.1
Delta IV Medium,160.2
Long March 7,65.4
Long March 4B,25.8
Long March 3B,67.4
Soyuz-2.1b,69.4
Falcon 9 FT,77.4
Long March 1,23.3
Proton-M,74.5
Kuaizhou-1A,6.7
Delta IV Medium,183.5
Long March 1,23.3
Saturn IB,1602.2
H-II,166.2
Ariane 6,97.2
Long March 2D,16.6
Thor-Delta,1602.2
Titan IV,486.3
Saturn IB,1602.2
Long March 1,23.3
Soyuz-FG,72.1
Space Shuttle,1770.0
Saturn IB,1602.2
Soyuz-FG,68.1
H-II,166.2
Pegasus XL,25.2
Long March 2C,19.9
Long March 2D,16.3
Ceres-1,11.3
Antares,94.0
Saturn V,1602.2
Soyuz-FG,76.5
Saturn V,1602.2
Delta IV Medium,158.6
Delta IV Heavy,321.6
Falcon Heavy,84.9
Saturn V,1602.2
Saturn V,1602.2
Ariane 5 ECA,179.2
Proton-M,96.6
Thor-Delta,1602.2
Ariane 4,166.2
Long March 5,149.0
Ariane 6,125.4
Ariane 4,166.2
Thor-Delta,1602.2
Proton-M,121.1
Long March 2C,20.6
Titan IV,470.3
Saturn IB,1602.2
Long March 2F,23.3
Long March 2F,23.3
Long March 1,23.3
Long March 4B,25.2
Thor-Delta,1602.2
Minotaur IV,70.9
Long March 2C,20.0
Thor-Delta,1602.2
Thor-Delta,1602.2
Long March 4B,26.0
Long March 2C,23.2
Long March 3B,76.7
Thor-Delta,1602.2
Long March 2C,20.7
Long March 5,132.1
Atlas V,269.3
Kuaizhou-1A,7.2
Delta IV Heavy,391.7
Soyuz-U,31.8
Rokot,32.0
Proton-M,94.9
Rokot,30.6
Proton-M,83.0
Long March 1,23.3
Ariane 4,166.2
Vulcan Centaur,107.0
Long March 4B,22.2
Atlas V,190.9
Saturn V,1602.2
Soyuz-FG,65.8
Long March 2F,23.3
Long March 2F,23.3
Proton-M,101.8
Long March 1,23.3
Saturn V,1602.2
Proton-M,96.6
Long March 5,174.6
Long March 2C,24.4
Saturn IB,1602.2
New Shepard,0.6
Hyperbola-1,11.3
Thor-Delta,1602.2
Kuaizhou-1A,5.4
Space Shuttle,1783.0
H-IIB,142.2
Zhuque-2,11.3
Thor-Delta,1602.2
PSLV,27.1
Falcon Heavy,95.7
Falcon 1,8.6
Ariane 4,166.2
Proton-M,94.8
Soyuz-U,30.6
H-II,166.2
Minotaur I,29.5
PSLV,27.9
Ariane 5 ECA,157.3
LauncherOne,9.6
Falcon 1,5.5
Proton-M,119.1
Zhuque-2,11.3
Angara-A5,80.9
Long March 11,11.3
Saturn IB,1602.2
Soyuz-U,32.6
Titan IV,446.6
Space Shuttle,1341.0
Saturn V,1602.2
Delta IV Medium,167.6
Soyuz-ST,67.6
Saturn V,1602.2
H-IIA,86.4
Long March 2C,17.6
Proton-M,91.2
Long March 1,23.3
Hyperbola-1,11.3
Thor-Delta,1602.2
Long March 2F,23.3
Minotaur I,30.5
Firefly Alpha,14.2
Saturn V,1602.2
Falcon 1,8.2
Saturn IB,1602.2
Thor-Delta,1602.2
Titan IV,311.6
New Shepard,0.7
Thor-Delta,1602.2
Long March 2F,23.3
Ariane 4,166.2
Thor-Delta,1602.2
Saturn V,1602.2
Long March 2C,19.6
Long March 2D,20.4
Titan IV,473.6
Thor-Delta,1602.2
Ariane 5 ECA,167.9
Long March 1,23.3
Long March 4B,23.3
Long March 2D,23.3
Soyuz-U,30.2
Long March 2D,23.9
Delta IV Medium,216.3
Long March 2C,23.3
Thor-Delta,1602.2
Ceres-1,11.3
Long March 4B,32.5
Long March 4B,14.0
Long March 2C,26.7
Saturn V,1602.2
Long March 2F,23.3
Long March 2C,21.7
Proton-M,113.5
Soyuz-FG,105.3
Saturn V,1602.2
Long March 2F,23.3
Falcon Heavy,90.8
Space Shuttle,1650.4
Long March 2C,22.0
Soyuz-ST,88.5
Zhuque-2,11.3
Long March 2C,16.8
Long March 3B,71.6
Long March 2D,18.8
Long March 2D,21.6
Long March 2C,16.9
Proton-M,111.7
Saturn V,1602.2
Soyuz-ST,73.0
Long March 1,23.3
Ariane 4,166.2
Ariane 5 ECA,153.4
Ariane 5 ECA,205.3
Thor-Delta,1602.2
Saturn IB,1602.2
Long March 5,155.2
Long March 5,156.2
Thor-Delta,1602.2
H-II,166.2
Soyuz-FG,77.5
Proton-M,149.7
H-IIB,139.3
Saturn V,1602.2
Soyuz-FG,95.8
Long March 2F,23.3
Titan IV,438.9
Saturn V,1602.2
Soyuz-U,25.6
Long March 2D,18.9
Delta IV Heavy,371.3
Long March 2C,18.8
Long March 1,23.3
Saturn V,1602.2
Saturn V,1602.2
Zhuque-2,11.3
Saturn V,1602.2
Thor-Delta,1602.2
Long March 2C,20.5
Thor-Delta,1602.2
Long March 5,142.8
Ariane 4,166.2
Saturn V,1602.2
Ariane 5 ECA,166.2
Long March 2D,20.2
Saturn V,1602.2
Soyuz-FG,75.2
Falcon 1,6.7
Long March 2F,23.3
Saturn V,1602.2
Thor-Delta,1602.2
Delta IV Medium,186.2
Proton-M,100.2
Thor-Delta,1602.2
Long March 1,23.3
PSLV,29.9
Long March 11,8.8
Ariane 4,166.2
Long March 1,23.3
Long March 2C,19.7
Ariane 4,166.2
Long March 5,183.0
Long March 2C,19.9
Saturn V,1602.2
Proton-M,129.6
Thor-Delta,1602.2
Falcon 9 FT,66.1
PSLV,20.8
New Shepard,0.5
Long March 2D,29.5
Soyuz-U,29.5
Saturn V,1602.2
Long March 2C,17.2
Long March 1,23.3
GSLV Mk III (LVM3),80.8
Saturn IB,1602.2
Long March 1,23.3
GSLV Mk III (LVM3),65.7
Hyperbola-1,11.3
Soyuz-FG,94.2
Ariane 5 ECA,176.0
Long March 2C,21.9
Saturn IB,1602.2
Soyuz-U,28.1
Long March 2C,18.1
Pegasus XL,32.6
Saturn V,1602.2
Hyperbola-1,11.3
Soyuz-U,26.9
Vega,30.6
Proton-M,107.2
Titan IV,417.2
Long March 3B,73.0
Proton-M,92.8
Ariane 4,166.2
Soyuz-U,30.3
Proton-M,98.2
Soyuz-2.1b,66.1
PSLV,22.3
Zhuque-2,11.3
Long March 2F,23.3
Long March 2D,23.1
Ariane 4,166.2
Titan IV,392.2
Ariane 4,166.2
Proton-M,79.2
Long March 3B,65.5
Thor-Delta,1602.2
New Shepard,0.6
Ariane 4,166.2
H-IIA,83.0
Soyuz-FG,93.6
Titan IV,443.6
Thor-Delta,1602.2
New Shepard,0.5
Falcon 1,7.6
PSLV,27.3
New Glenn,0.5
Proton-M,87.8
Ariane 5 ECA,166.9
Long March 3B,83.1
Thor-Delta,1602.2
Soyuz-FG,94.2
Long March 3B,69.4
Long March 1,23.3
Thor-Delta,1602.2
Soyuz-U,32.2
Atlas V,198.9
Thor-Delta,1602.2
Terran 1,12.2
Soyuz-FG,92.0
Saturn IB,1602.2
Long March 2F,23.3
Soyuz-U,32.1
Delta IV Heavy,271.7
Angara-A5,96.1
Proton-M,106.5
Long March 2C,19.2
Soyuz-ST,70.7
H-IIB,157.0
Saturn V,1602.2
Saturn IB,1602.2
Long March 4B,23.7
Soyuz-FG,77.3
Long March 1,23.3
Soyuz-U,23.7
Proton-M,109.7
LauncherOne,10.8
Long March 2F,23.3
Long March 2F,23.3
Proton-M,105.3
LauncherOne,14.6
Proton-M,83.6
Saturn IB,1602.2
Saturn V,1602.2
Long March 2F,23.3
Ariane 4,166.2
Space Shuttle,1653.9
Long March 4B,25.7
Soyuz-FG,74.9
Long March 2D,20.8
Saturn IB,1602.2
Long March 2C,21.2
Space Shuttle,1343.9
Saturn IB,1602.2
Saturn V,1602.2
Hyperbola-1,11.3
Thor-Delta,1602.2
Titan IV,496.0
Long March 1,23.3
Thor-Delta,1602.2
Ariane 4,166.2
Falcon 1,8.9
Kuaizhou-1A,5.8
PSLV,23.4
Ceres-1,11.3
Long March 2D,19.4
Long March 1,23.3
Saturn IB,1602.2
Space Shuttle,1715.0
Thor-Delta,1602.2
Long March 3B,75.7
LauncherOne,11.3
Atlas V,155.6
Soyuz-ST,67.0
Saturn V,1602.2
Falcon 9 FT,73.9
Delta IV Heavy,227.4
Rokot,30.1
Saturn IB,1602.2
Space Shuttle,1538.7
Falcon 1,7.2
Soyuz-FG,74.7
Long March 3B,76.2
Saturn V,1602.2
Space Shuttle,1484.4
Saturn IB,1602.2
Antares,78.9
Falcon 9 FT,70.3
Long March 2C,16.3
Saturn IB,1602.2
LauncherOne,11.4
Saturn IB,1602.2
Long March 2D,20.6
Long March 2C,18.8
Thor-Delta,1602.2
H-II,166.2
Angara-A5,94.9
Proton-M,110.3
Delta IV Medium,159.2
New Shepard,0.6
Saturn IB,1602.2
Saturn IB,1602.2
Delta IV Medium,142.1
Long March 3B,100.8
Soyuz-ST,65.2
Long March 1,23.3
Ariane 4,166.2
Firefly Alpha,15.4
Ariane 4,166.2
Soyuz-FG,67.2
Angara-A5,106.1
H-IIA,107.4
Falcon 1,6.8
Long March 2C,20.5
Long March 2F,23.3
Long March 2C,15.4
Saturn V,1602.2
Thor-Delta,1602.2
Saturn IB,1602.2
Atlas V,199.8
Space Shuttle,1652.3
Saturn IB,1602.2
Soyuz-FG,84.4
Delta IV Medium,225.8
Thor-Delta,1602.2
Space Shuttle,1620.7
H-II,166.2
PSLV,23.8
Delta IV Heavy,318.0
Proton-M,87.9
Thor-Delta,1602.2
Saturn IB,1602.2
Long March 2C,22.2
Long March 2C,19.2
Long March 2C,19.9
Long March 2F,23.3
Long March 2F,23.3
Saturn IB,1602.2
Proton-M,87.7
Space Shuttle,1360.7
New Shepard,0.5
Long March 2C,21.8
Long March 3B,74.9
Falcon 1,6.7
Long March 2C,16.2
Thor-Delta,1602.2
Long March 2D,22.0
Soyuz-2.1b,68.7
Soyuz-FG,68.9
Titan IV,296.6
Long March 1,23.3
Soyuz-FG,79.1
Soyuz-2.1b,71.1
Saturn V,1602.2
Proton-M,75.7
Soyuz-FG,88.6
Long March 4B,31.4
Hyperbola-1,11.3
Long March 2C,19.4
Long March 4B,26.2
Ariane 6,100.4
Long March 1,23.3
Long March 2C,22.3
Kuaizhou-1A,6.2
Saturn V,1602.2
Ariane 4,166.2
PSLV,23.8
Delta IV Heavy,469.7
Thor-Delta,1602.2
Firefly Alpha,16.2
Long March 1,23.3
Soyuz-ST,77.3
Pegasus XL,31.8
Saturn IB,1602.2
Soyuz-FG,70.2
Ariane 4,166.2
Delta II,65.6
Angara-A5,83.1
Ariane 4,166.2
Thor-Delta,1602.2
Long March 1,23.3
Long March 1,23.3
H-IIA,83.6
Proton-M,98.1
Falcon 9 FT,78.0
Thor-Delta,1602.2
Long March 2D,24.0
Antares,115.9
Titan IV,371.6
Thor-Delta,1602.2
New Glenn,0.5
Long March 2C,22.8
Saturn IB,1602.2
Falcon Heavy,68.6
Falcon 1,6.4
Long March 1,23.3
Saturn IB,1602.2
Long March 2F,23.3
Kuaizhou-1A,4.8
Long March 2C,18.6
Thor-Delta,1602.2
Soyuz-2.1b,79.1
Space Shuttle,1910.9
Thor-Delta,1602.2
Saturn IB,1602.2
Proton-M,94.3
Saturn V,1602.2
New Shepard,0.4
Kuaizhou-1A,5.8
Firefly Alpha,14.6
Delta IV Heavy,396.4
Space Shuttle,1587.0
Space Shuttle,1602.2
Ariane 4,166.2
Long March 2C,18.2
Thor-Delta,1602.2
Thor-Delta,1602.2
Long March 1,23.3
Long March 4B,27.8
Thor-Delta,1602.2
Ariane 4,166.2
Falcon Heavy,83.6
Long March 2D,19.8
Long March 1,23.3
H-IIA,66.7
Long March 1,23.3
Soyuz-FG,90.1
Space Shuttle,1622.0
Saturn IB,1602.2
Space Shuttle,1453.3
Ariane 4,166.2
Delta IV Heavy,316.3
Proton-M,103.6
Thor-Delta,1602.2
Saturn IB,1602.2
Long March 2D,19.1
Long March 2D,16.8
Long March 5,175.2
H-IIB,119.2
Thor-Delta,1602.2
Ariane 4,166.2
New Shepard,0.5
Thor-Delta,1602.2
Soyuz-ST,69.0
Proton-M,118.4
Minotaur I,25.9
New Glenn,0.5
Delta IV Medium,117.9
Thor-Delta,1602.2
Saturn V,1602.2
Ariane 4,166.2
Long March 4B,20.3
Titan IV,586.0
Long March 5,162.2
Long March 1,23.3
Long March 4B,27.0
Space Shuttle,1602.8
Long March 3B,72.9
Ceres-1,11.3
Long March 1,23.3
Space Shuttle,1578.3
Long March 2D,22.9
Saturn V,1602.2
Long March 2D,18.5
Saturn IB,1602.2
Long March 11,10.5
Delta IV Heavy,390.3
LauncherOne,11.6
Long March 1,23.3
Antares,95.1
Antares,74.8
Long March 3B,79.0
Soyuz-FG,82.6
Proton-M,113.4
Delta IV Heavy,363.5
Hyperbola-1,11.3
Soyuz-ST,80.3
Saturn IB,1602.2
Proton-M,109.3
Long March 1,23.3
Long March 2F,23.3
Saturn IB,1602.2
Saturn V,1602.2
Long March 3B,69.1
Space Shuttle,1725.2
Soyuz-2.1b,69.9
Kuaizhou-1A,4.9
Saturn V,1602.2
Long March 2C,19.3
Delta IV Heavy,332.5
Thor-Delta,1602.2
Saturn IB,1602.2
Long March 2C,19.6
Long March 2C,19.5
Long March 2D,22.9
Space Shuttle,1650.8
Angara-A5,85.6
Long March 11,10.0
Angara-A5,71.7
Long March 2F,23.3
Long March 4B,25.7
Saturn V,1602.2
Long March 1,23.3
Titan IV,409.3
Thor-Delta,1602.2
Soyuz-FG,104.2
Long March 11,10.7
Saturn V,1602.2
Thor-Delta,1602.2
Long March 2F,23.3
Soyuz-FG,95.9
Saturn V,1602.2
H-II,166.2
Thor-Delta,1602.2
Saturn V,1602.2
Saturn IB,1602.2
Falcon 1,7.4
Saturn V,1602.2
Thor-Delta,1602.2
Saturn V,1602.2
Ariane 5 ECA,158.2
Rokot,32.4
Soyuz-2.1a,65.9
Thor-Delta,1602.2
Soyuz-U,25.6
Long March 2D,19.0
Soyuz-FG,66.8
Saturn IB,1602.2
Soyuz-U,30.5
Titan IV,473.7
Soyuz-ST,68.7
Long March 3B,70.9
Angara-A5,89.7
Ariane 4,166.2
Long March 2D,26.0
Angara-A5,119.8
Saturn V,1602.2
Soyuz-FG,95.3
H-II,166.2
Ariane 4,166.2
PSLV,26.0
New Shepard,0.5
Long March 1,23.3
Angara-A5,104.2
Long March 11,10.2
Thor-Delta,1602.2
Long March 11,14.0
Saturn V,1602.2
Falcon 1,7.8
H-IIA,82.5
Atlas V,141.4
Angara-A5,101.4
Long March 2F,23.3
Antares,75.2
Pegasus XL,30.7
Falcon Heavy,83.0
Kuaizhou-1A,5.1
Delta IV Medium,175.9
Long March 1,23.3
Long March 3B,70.3
Long March 1,23.3
Ariane 4,166.2
Proton-M,92.1
Long March 1,23.3
Saturn V,1602.2
Proton-M,119.9
Antares,67.8
Titan IV,388.0
Proton-M,135.2
Long March 11,12.8
Long March 4B,25.5
Ariane 4,166.2
Long March 2D,20.9
Space Shuttle,1758.8
Long March 2C,19.6
Long March 3B,71.2
Soyuz-FG,86.6
Falcon 1,9.2
Delta IV Medium,160.0
Ariane 5 ECA,190.4
Saturn IB,1602.2
Saturn V,1602.2
Saturn IB,1602.2
Delta IV Heavy,271.9
Long March 4B,25.7
Space Shuttle,1752.3
Proton-M,102.0
Zhuque-2,11.3
Long March 1,23.3
Long March 1,23.3
Proton-M,77.6
Taurus,30.3
Long March 11,8.9
Vulcan Centaur,92.4
Thor-Delta,1602.2
Thor-Delta,1602.2
Long March 2D,20.9
Long March 2D,19.6
Thor-Delta,1602.2
Proton-M,100.3
Falcon 1,7.7
Long March 11,7.8
PSLV,24.8
Ariane 5 ECA,195.5
Atlas V,236.2
Thor-Delta,1602.2
Ariane 4,166.2
Saturn IB,1602.2
Long March 7,89.0
Angara-A5,112.6
Firefly Alpha,16.2
Long March 1,23.3
Long March 1,23.3
Proton-M,100.7
Soyuz-FG,98.0
Long March 1,23.3
Long March 1,23.3
Saturn IB,1602.2
Thor-Delta,1602.2
H-IIA,82.0
Long March 3B,67.5
Soyuz-2.1b,70.7
Firefly Alpha,18.7
Thor-Delta,1602.2
Long March 2D,26.8
Long March 2C,23.7
Long March 3B,93.9
Delta IV Medium,181.3
Proton-M,115.0
Saturn V,1602.2
Thor-Delta,1602.2
Soyuz-FG,74.8
New Shepard,0.5
Long March 2C,24.7
Thor-Delta,1602.2
Long March 1,23.3
Falcon 1,7.9
Hyperbola-1,11.3
Thor-Delta,1602.2
Dnepr,27.4
Long March 2D,18.8
Saturn IB,1602.2
Ariane 4,166.2
Saturn IB,1602.2
Long March 1,23.3
Long March 1,23.3
Long March 4B,16.8
Long March 2C,17.6
Long March 4B,27.1
Proton-M,76.2
Space Shuttle,1119.7
Thor-Delta,1602.2
Long March 3B,66.4
Soyuz-FG,100.1
Long March 4B,27.2
Long March 2D,20.7
Long March 2F,23.3
Long March 2C,20.6
Long March 2C,17.9
Ceres-1,11.3
Long March 1,23.3
Saturn V,1602.2
Thor-Delta,1602.2
Ariane 4,166.2
New Shepard,0.6
Thor-Delta,1602.2
Thor-Delta,1602.2
Long March 11,9.6
Saturn V,1602.2
Taurus,26.9
Long March 1,23.3
Proton-M,123.4
Thor-Delta,1602.2
Thor-Delta,1602.2
Titan IV,381.2
Long March 1,23.3
Ceres-1,11.3
Ariane 4,166.2
Saturn V,1602.2
Soyuz-FG,67.9
Soyuz-FG,68.6
Soyuz-FG,114.0
Titan IV,428.1
Saturn IB,1602.2
Ariane 4,166.2
Delta IV Medium,125.2
Soyuz-FG,85.7
Soyuz-FG,94.0
Long March 2C,17.5
Space Shuttle,1522.7
Ariane 4,166.2
Titan IV,369.4
Long March 1,23.3
Saturn IB,1602.2
Ariane 4,166.2
H-II,166.2
Soyuz-FG,92.0
Minotaur IV,75.5
Long March 2F,23.3
Proton-M,114.5
Angara-A5,97.3
Thor-Delta,1602.2
Hyperbola-1,11.3
Long March 2C,18.4
Long March 1,23.3
Soyuz-ST,74.8
Space Shuttle,1691.3
Long March 4B,23.2
Ceres-1,11.3
Long March 1,23.3
Soyuz-FG,83.7
Saturn V,1602.2
Falcon 1,6.8
Soyuz-U,31.4
Soyuz-FG,82.8
Long March 1,23.3
Kuaizhou-1A,4.3
Space Shuttle,1525.9
Falcon 9 v1.0,65.3
Thor-Delta,1602.2
Long March 2D,18.8
Soyuz-U,28.6
Long March 1,23.3
Long March 2C,19.5
Thor-Delta,1602.2
Long March 1,23.3
Long March 5,188.4
Thor-Delta,1602.2
Proton-M,104.1
Antares,86.5
Atlas V,186.7
Kuaizhou-1A,4.6
Ariane 4,166.2
Ariane 5 ECA,178.2
Space Shuttle,1602.0
Thor-Delta,1602.2
Saturn IB,1602.2
Ariane 4,166.2
Kuaizhou-1A,4.0
Long March 2C,28.5
Long March 1,23.3
Soyuz-ST,65.2
Long March 5,139.4
Soyuz-2.1b,70.3
Falcon 9 FT,66.6
Soyuz-FG,71.6
Saturn V,1602.2
Hyperbola-1,11.3
Ariane 4,166.2
Saturn IB,1602.2
Proton-M,95.5
Proton-M,125.2
Thor-Delta,1602.2
Delta IV Heavy,296.3
Taurus,32.8
Saturn IB,1602.2
Soyuz-FG,80.1
Long March 3B,72.1
Long March 2C,19.6
Titan IV,375.9
Long March 3B,71.6
Saturn V,1602.2
Saturn IB,1602.2
Zhuque-2,11.3
Falcon Heavy,117.4
Falcon 1,5.5
Atlas V,222.6
Long March 7,67.1
Long March 1,23.3
Saturn IB,1602.2
Ariane 5 ECA,197.6
Long March 5,118.9
Soyuz-FG,73.3
Saturn V,1602.2
Titan IV,357.6
Delta IV Heavy,331.2
H-IIA,78.8
Antares,94.6
H-II,166.2
Saturn IB,1602.2
Long March 1,23.3
Ariane 4,166.2
Long March 1,23.3
Thor-Delta,1602.2
Soyuz-FG,82.0
Ariane 5 ECA,196.9
Long March 2D,17.8
Long March 2D,22.6
Space Shuttle,1440.2
Long March 2D,19.6
Thor-Delta,1602.2
Saturn V,1602.2
Long March 5,157.8
Ariane 4,166.2
Saturn V,1602.2
Saturn IB,1602.2
Proton-M,91.2
Ceres-1,11.3
Ariane 4,166.2
Space Shuttle,1868.8
Long March 1,23.3
Long March 11,12.7
Saturn V,1602.2
Delta II,66.3
Long March 3B,97.1
Saturn V,1602.2
Proton-M,110.3
Ariane 5 ECA,183.5
PSLV,20.1
Atlas V,188.8
Long March 2C,16.2
Soyuz-U,32.1
Space Shuttle,1102.9
Falcon 1,9.5
Long March 1,23.3
Space Shuttle,1332.7
Long March 2D,19.2
Dnepr,27.4
Saturn IB,1602.2
Space Shuttle,1415.1
Saturn IB,1602.2
Long March 5,155.7
Space Shuttle,1099.4
Long March 4B,24.1
Delta IV Medium,126.1
Titan IV,346.9
Rokot,30.5
Rokot,30.2
Saturn V,1602.2
Saturn IB,1602.2
Titan IV,522.8
Soyuz-FG,82.0
Long March 3B,79.8
Soyuz-FG,76.0
Angara-A5,79.5
Ariane 5 ECA,171.6
Saturn V,1602.2
Minotaur I,31.3
Saturn V,1602.2
Long March 5,183.9
Proton-M,126.0
Saturn V,1602.2
Long March 2F,23.3
Saturn IB,1602.2
Atlas V,180.2
New Glenn,0.5
Pegasus XL,29.5
Ariane 4,166.2
Thor-Delta,1602.2
Saturn V,1602.2
Ariane 5 ECA,222.6
Long March 1,23.3
Long March 2F,23.3
Long March 1,23.3
Ariane 4,166.2
Saturn IB,1602.2
Thor-Delta,1602.2
Thor-Delta,1602.2
Saturn IB,1602.2
Falcon 1,7.6
Ariane 4,166.2
Ariane 5 ECA,154.0
Long March 4B,25.3
Ariane 4,166.2
Ariane 5 ECA,156.8
Firefly Alpha,16.5
Long March 4B,31.8
Soyuz-ST,72.3
Saturn IB,1602.2
Antares,69.0
Long March 2D,23.3
Ariane 5 ECA,177.3
Long March 2C,25.2
Long March 4B,18.5
Thor-Delta,1602.2
Soyuz-FG,79.0
Long March 2D,20.1
Long March 2D,17.1
Ceres-1,11.3
Saturn V,1602.2
Ariane 5 ECA,194.4
Long March 4B,25.2
Long March 4B,26.4
Long March 1,23.3
Long March 2F,23.3
Long March 2C,20.0
Saturn IB,1602.2
Proton-M,106.7
Delta IV Heavy,343.3
Soyuz-FG,65.1
Saturn V,1602.2
Soyuz-FG,76.6
Ariane 5 ECA,173.2
Angara-A5,104.9
Saturn V,1602.2
Delta IV Heavy,351.5
Hyperbola-1,11.3
Long March 2C,16.5
Long March 2D,23.2
Saturn V,1602.2
Thor-Delta,1602.2
Soyuz-U,28.5
Soyuz-FG,92.7
H-II,166.2
Thor-Delta,1602.2
Thor-Delta,1602.2
Long March 4B,26.9
Soyuz-FG,81.8
Angara-A5,80.5
Delta IV Medium,212.2
Space Shuttle,1938.7
Saturn IB,1602.2
Saturn IB,1602.2
Saturn IB,1602.2
Saturn IB,1602.2
PSLV,24.6
PSLV,29.0
Long March 1,23.3
Long March 1,23.3
Long March 2D,22.0
Saturn IB,1602.2
Saturn IB,1602.2
Terran 1,10.7
Kuaizhou-1A,4.4
PSLV,30.1
Proton-M,104.5
H-IIA,100.0
Thor-Delta,1602.2
Saturn IB,1602.2
H-IIA,96.2
Long March 1,23.3
Long March 2C,21.5
Saturn IB,1602.2
Space Shuttle,1336.9
Angara-A5,112.6
Long March 4B,31.2
Titan IV,413.5
Thor-Delta,1602.2
Titan IV,487.5
LauncherOne,13.1
LauncherOne,10.9
Long March 2F,23.3
Soyuz-ST,73.0
Atlas V,149.8
Long March 2F,23.3
Ariane 4,166.2
Titan IV,388.0
Thor-Delta,1602.2
Titan IV,481.7
Firefly Alpha,16.2
Space Shuttle,1277.0
Proton-M,100.7
Soyuz-ST,76.2
Ariane 4,166.2
Saturn IB,1602.2
Thor-Delta,1602.2
Long March 4B,23.9
Atlas V,253.1
Proton-M,87.5
Taurus,28.9
Soyuz-2.1b,68.5
Thor-Delta,1602.2
Long March 4B,25.3
Soyuz-FG,71.2
Long March 1,23.3
Rokot,28.7
Space Shuttle,1831.9
Long March 3B,88.6
Soyuz-FG,73.4
Space Shuttle,1830.2
Thor-Delta,1602.2
Thor-Delta,1602.2
Long March 3B,75.2
Long March 5,157.7
Long March 2F,23.3
Long March 2C,17.5
Hyperbola-1,11.3
Proton-M,98.6
Saturn IB,1602.2
Proton-M,93.3
Long March 1,23.3
Ceres-1,11.3
Proton-M,85.6
Space Shuttle,1743.3
Thor-Delta,1602.2
Long March 1,23.3
Soyuz-FG,81.3
Long March 2C,18.1
Long March 2C,20.7
Thor-Delta,1602.2
Falcon Heavy,83.5
Long March 2F,23.3
Falcon 1,7.0
H-IIA,103.2
Ariane 4,166.2
Long March 2C,22.7
Thor-Delta,1602.2
H-IIB,112.3
Ariane 4,166.2
Space Shuttle,1581.9
Saturn IB,1602.2
Soyuz-FG,80.6
Long March 2D,24.2
Long March 2F,23.3
Long March 4B,24.1
Long March 3B,91.7
Long March 1,23.3
Long March 1,23.3
Ariane 6,135.8
Thor-Delta,1602.2
Long March 2D,19.2
Thor-Delta,1602.2
Saturn IB,1602.2
Saturn V,1602.2
Long March 4B,24.7
Long March 7,70.5
Atlas V,210.8
Long March 1,23.3
Ariane 4,166.2
Soyuz-U,32.9
Minotaur IV,67.2
Angara-A5,94.3
Falcon 1,6.8
Ariane 4,166.2
Kuaizhou-1A,5.4
Long March 11,9.7
LauncherOne,14.1
Saturn IB,1602.2
Thor-Delta,1602.2
Rokot,32.9
Proton-M,131.8
Long March 11,11.8
Long March 2F,23.3
Ariane 5 ECA,125.2
Space Shuttle,1785.6
Zhuque-2,11.3
Saturn IB,1602.2
Titan IV,528.9
Saturn IB,1602.2
Soyuz-FG,108.8
Thor-Delta,1602.2
Long March 1,23.3
Soyuz-U,32.9
Saturn V,1602.2
Long March 1,23.3
Thor-Delta,1602.2
Titan IV,418.5
Ceres-1,11.3
Antares,79.8
Thor-Delta,1602.2
Thor-Delta,1602.2
H-II,166.2
Saturn IB,1602.2
Soyuz-FG,93.1
Soyuz-U,31.1
Saturn V,1602.2
Space Shuttle,1661.6
Long March 4B,26.0
Rokot,32.1
Space Shuttle,1683.0
Ariane 4,166.2
Terran 1,13.2
Long March 1,23.3
Atlas V,160.2
Saturn IB,1602.2
Thor-Delta,1602.2
Falcon Heavy,90.5
Long March 5,135.6
Thor-Delta,1602.2
Titan IV,425.0
Vega,30.5
Delta IV Medium,125.8
Soyuz-FG,80.4
Falcon Heavy,117.5
Saturn V,1602.2
Space Shuttle,1467.6
Long March 2F,23.3
Delta IV Medium,128.3
Saturn V,1602.2
Ariane 5 ECA,189.6
Falcon Heavy,70.4
Long March 1,23.3
Ariane 4,166.2
Ariane 5 ECA,183.4
Soyuz-FG,76.5
Long March 4B,22.7
Atlas V,179.7
H-IIB,125.1
Soyuz-FG,98.5
Soyuz-2.1b,65.7
Saturn V,1602.2
Falcon 9 FT,69.4
Falcon 1,6.3
Saturn IB,1602.2
Delta IV Heavy,342.4
Space Shuttle,1062.3
Ariane 5 ECA,159.8
Long March 2C,20.4
Saturn V,1602.2
Ariane 4,166.2
Delta IV Medium,145.1
Long March 2C,20.9
Long March 3B,67.2
Proton-M,87.0
Ariane 4,166.2
Long March 5,140.4
Proton-M,85.4
H-II,166.2
Saturn IB,1602.2
Dnepr,21.5
Thor-Delta,1602.2
Soyuz-U,31.8
Antares,119.7
Falcon 1,6.3
Ariane 5 ECA,226.1
Saturn V,1602.2
Soyuz-FG,79.5
Soyuz-U,30.3
Firefly Alpha,12.1
Firefly Alpha,16.1
Angara-A5,113.5
H-II,166.2
New Glenn,0.5
Ceres-1,11.3
New Shepard,0.4
Delta IV Heavy,354.1
Long March 2C,15.3
Soyuz-FG,102.2
Rokot,29.6
Thor-Delta,1602.2
Atlas V,181.9
Falcon 9 FT,75.3
Long March 2C,23.3
Dnepr,23.8
Space Shuttle,1722.6
Long March 1,23.3
Long March 2F,23.3
Long March 2C,20.1
Delta IV Heavy,332.1
Long March 1,23.3
Long March 1,23.3
Angara-A5,102.4
Soyuz-FG,87.7
Long March 2C,24.1
Long March 2C,22.0
Long March 11,11.8
Angara-A5,103.4
Long March 2C,19.4
Long March 4B,26.6
Firefly Alpha,14.5
Long March 3B,71.3
Thor-Delta,1602.2
Ariane 4,166.2
Falcon 1,6.9
Saturn V,1602.2
Thor-Delta,1602.2
Long March 1,23.3
Long March 11,11.7
Long March 2C,17.6
Saturn V,1602.2
Falcon 1,6.4
Soyuz-U,32.7
Long March 2C,24.8
Saturn IB,1602.2
Saturn IB,1602.2
Long March 5,157.2
Rokot,32.5
Long March 2C,21.1
Long March 1,23.3
Dnepr,21.3
Saturn V,1602.2
Atlas V,216.2
LauncherOne,11.0
Long March 1,23.3
Long March 2D,19.7
Delta IV Heavy,342.0
Long March 4B,25.5
LauncherOne,14.0
Long March 1,23.3
Minotaur I,30.9
Long March 2F,23.3
Long March 2C,24.2
Soyuz-FG,79.5
Soyuz-FG,97.9
Saturn IB,1602.2
Thor-Delta,1602.2
LauncherOne,11.7
Saturn V,1602.2
Titan IV,405.9
Thor-Delta,1602.2
Long March 4B,30.4
Thor-Delta,1602.2
Long March 1,23.3
Proton-M,89.1
Saturn IB,1602.2
PS4 / Vikram-S,11.3
Ariane 4,166.2
Dnepr,24.2
Titan IV,484.4
Long March 11,9.9
Terran 1,9.5
Thor-Delta,1602.2
Firefly Alpha,17.1
Angara-A5,96.2
Long March 2D,23.9
Long March 3B,67.2
Long March 2D,15.7
Long March 1,23.3
Ariane 4,166.2
Long March 11,8.0
Long March 2C,24.1
Ariane 4,166.2
Saturn IB,1602.2
Rokot,32.0
Long March 4B,25.2
Thor-Delta,1602.2
Space Shuttle,1093.0
GSLV Mk III (LVM3),69.3
Proton-M,110.7
Saturn V,1602.2
Long March 11,10.0
Proton-M,89.1
Delta II,65.2
Titan IV,410.3
Saturn IB,1602.2
Angara-A5,90.5
Kuaizhou-1A,5.3
Long March 2C,19.8
Taurus,32.8
Saturn IB,1602.2
Titan IV,474.4
Space Shuttle,1441.8
Ariane 4,166.2
Rokot,30.3
Soyuz-FG,68.7
Hyperbola-1,11.3
Ariane 5 ECA,160.5
Falcon 1,7.3
Long March 3B,67.3
Space Shuttle,1339.3
H-II,166.2
H-IIB,128.3
Soyuz-FG,82.0
Soyuz-FG,77.7
Ariane 4,166.2
Saturn IB,1602.2
Taurus,32.5
Titan IV,370.4
Falcon 9 FT,75.9
Kuaizhou-1A,5.7
Long March 3B,80.7
Proton-M,125.7
Long March 11,9.7
Delta IV Medium,162.8
Long March 11,9.8
Delta IV Medium,151.5
Long March 2C,14.0
Saturn IB,1602.2
Ariane 5 ECA,189.1
Thor-Delta,1602.2
PSLV,21.9
Ceres-1,11.3
Kuaizhou-1A,5.5
Atlas V,198.1
Long March 1,23.3
Angara-A5,85.7
Saturn IB,1602.2
Proton-M,109.5
Proton-M,90.7
LauncherOne,10.3
Kuaizhou-1A,5.2
Ariane 4,166.2
Long March 3B,69.5
Ariane 4,166.2
Thor-Delta,1602.2
Saturn IB,1602.2
Soyuz-ST,65.7
Atlas V,155.1
Soyuz-FG,83.1
Soyuz-2.1a,73.6
Falcon 9 FT,87.0
Angara-A5,106.0
Long March 4B,27.2
Ceres-1,11.3
Ariane 4,166.2
Long March 2C,18.9
Long March 4B,27.3
Thor-Delta,1602.2
Delta IV Heavy,361.6
New Glenn,0.5
H-IIB,153.8
Ariane 5 ECA,162.8
Saturn V,1602.2
Titan IV,476.2
Ariane 5 ECA,215.2
Delta IV Medium,196.3
Long March 2C,17.6
Long March 2C,17.7
Proton-M,113.7
Proton-M,95.4
H-IIB,101.9
Ariane 4,166.2
Long March 2C,21.4
Space Shuttle,1896.8
Saturn IB,1602.2
Titan IV,403.1
Rokot,32.7
Atlas V,164.9
Space Shuttle,1611.3
New Shepard,0.6
Long March 3B,87.1
Thor-Delta,1602.2
Proton-M,113.8
Long March 2C,19.2
Ariane 4,166.2
Thor-Delta,1602.2
Space Shuttle,1565.0
Long March 7,68.6
H-IIB,119.3
Saturn V,1602.2
Long March 2C,16.8
Thor-Delta,1602.2
Angara-A5,108.1
Ceres-1,11.3
Titan IV,397.6
Saturn IB,1602.2
Kuaizhou-1A,4.9
Soyuz-FG,71.1
Proton-M,105.7
Long March 1,23.3
H-II,166.2
New Shepard,0.6
Long March 1,23.3
Long March 1,23.3
Long March 2F,23.3
Long March 1,23.3
Soyuz-FG,83.7
Soyuz-U,32.0
Long March 2C,24.2
Soyuz-FG,80.6
Long March 2D,20.9
Long March 2C,16.9
Long March 1,23.3
Proton-M,92.8
Long March 1,23.3
Long March 4B,22.6
Soyuz-U,31.4
Space Shuttle,1293.4
Titan IV,498.3
Saturn V,1602.2
Long March 2C,20.5
Titan IV,445.1
Long March 2D,17.7
Long March 2F,23.3
Thor-Delta,1602.2
Soyuz-U,31.7
Space Shuttle,1625.1
Proton-M,115.7
Proton-M,88.9
Thor-Delta,1602.2
Falcon 9 FT,70.9
Delta IV Heavy,330.4
Long March 1,23.3
Long March 3B,71.4
Long March 2C,18.4
Saturn V,1602.2
Kuaizhou-1A,5.4
Ariane 5 ECA,153.2
Long March 2D,19.2
Long March 3B,68.9
Saturn V,1602.2
Soyuz-FG,80.4
Falcon 1,6.8
Long March 2C,13.8
Delta IV Heavy,381.4
Long March 2C,19.3
Long March 1,23.3
Long March 2C,22.5
Space Shuttle,1351.5
Space Shuttle,1915.4
Saturn IB,1602.2
Soyuz-FG,75.2
Hyperbola-1,11.3
Titan IV,527.0
Long March 2D,19.4
Ceres-1,11.3
New Shepard,0.5
Rokot,29.9
Falcon Heavy,83.1
Space Shuttle,1581.4
Soyuz-2.1a,68.4
Zhuque-2,11.3
Proton-M,97.6
Atlas V,180.5
Long March 2C,19.7
Antares,79.9
H-IIA,68.1
Long March 2C,18.6
Soyuz-FG,67.1
Delta IV Heavy,414.6
Saturn IB,1602.2
Falcon 1,6.0
Saturn V,1602.2
Rokot,32.4
Long March 3B,78.9
Space Shuttle,1346.9
Soyuz-U,28.2
Falcon 1,6.5
Long March 1,23.3
Long March 2C,20.0
Proton-M,86.5
Ariane 4,166.2
Saturn IB,1602.2
Space Shuttle,1760.4
Falcon 1,6.7
Soyuz-2.1a,74.0
Soyuz-FG,98.6
Saturn V,1602.2
Long March 2C,21.5
Soyuz-U,29.5
Ariane 4,166.2
Ariane 5 ECA,221.8
Space Shuttle,1336.0
H-IIB,121.9
LauncherOne,10.3
Long March 2D,16.6
Saturn V,1602.2
Saturn IB,1602.2
Long March 1,23.3
Angara-A5,91.4
Delta IV Medium,168.6
Thor-Delta,1602.2
Saturn V,1602.2
Thor-Delta,1602.2
Delta IV Medium,199.6
Saturn IB,1602.2
Space Shuttle,2085.0
Dnepr,30.4
Titan IV,469.8
Long March 5,151.3
Angara-A5,85.1
Saturn V,1602.2
Thor-Delta,1602.2
H-II,166.2
Thor-Delta,1602.2
Hyperbola-1,11.3
Thor-Delta,1602.2
Long March 2D,23.2
H-IIA,71.2
Soyuz-FG,76.9
Proton-M,137.9
Long March 2C,21.1
Long March 2C,19.7
Saturn V,1602.2
Saturn IB,1602.2
Long March 11,8.6
Proton-M,84.9
Saturn IB,1602.2
Titan IV,539.4
Delta IV Medium,175.2
Long March 11,12.0
Proton-M,119.9
Soyuz-U,31.5
Thor-Delta,1602.2
Ariane 4,166.2
Ariane 4,166.2
Zhuque-2,11.3
Saturn IB,1602.2
Long March 2C,20.2
Delta IV Medium,159.5
Long March 1,23.3
Delta IV Medium,173.9
Saturn V,1602.2
Soyuz-FG,94.5
Rokot,31.2
Proton-M,98.9
Titan IV,439.4
Saturn V,1602.2
Long March 11,10.7
Saturn V,1602.2
Atlas V,188.7
Vulcan Centaur,110.3
Long March 4B,23.1
Soyuz-FG,81.7
Long March 1,23.3
Saturn V,1602.2
H-II,166.2
Long March 2C,18.1
Falcon 1,6.3
Falcon 1,8.9
Long March 1,23.3
Saturn V,1602.2
Soyuz-U,26.7
Proton-M,119.5
Thor-Delta,1602.2
PSLV,28.1
Long March 1,23.3
Saturn V,1602.2
Proton-M,120.2
PSLV,32.8
Ariane 4,166.2
Long March 1,23.3
Long March 2C,24.9
Thor-Delta,1602.2
Long March 2F,23.3
Long March 2C,22.2
Saturn V,1602.2
Space Shuttle,2181.0
Atlas V,163.3
Soyuz-FG,66.0
Ariane 4,166.2
Soyuz-U,28.3
Long March 7,65.8
Angara-A5,98.8
Kuaizhou-1A,5.4
Thor-Delta,1602.2
Soyuz-U,32.8
Space Shuttle,1292.5
Long March 4B,26.9
Titan IV,361.2
Long March 5,139.3
Proton-M,79.0
Soyuz-FG,91.9
Long March 2C,23.5
Angara-A5,100.3
Titan IV,414.0
Long March 2D,19.9
Long March 1,23.3
Long March 2C,21.4
Soyuz-FG,92.6
Zhuque-2,11.3
Long March 2C,20.4
Rokot,30.2
Falcon 1,4.0
Long March 3B,68.6
Proton-M,78.0
Long March 1,23.3
Long March 2C,20.7
Falcon 1,6.1
Ariane 5 ECA,156.0
PS4 / Vikram-S,11.3
Titan IV,460.6
Ariane 4,166.2
Proton-M,115.6
Falcon 9 FT,80.4
Saturn IB,1602.2
Long March 2D,21.5
Proton-M,90.9
New Shepard,0.5
Titan IV,456.7
Thor-Delta,1602.2
Thor-Delta,1602.2
Long March 1,23.3
Titan IV,350.5
Long March 1,23.3
Proton-M,84.6
Delta IV Heavy,409.6
Saturn IB,1602.2
Long March 4B,23.2
Titan IV,414.6
Proton-M,97.8
Falcon 1,8.0
Atlas V,225.6
Saturn IB,1602.2
Soyuz-FG,96.0
Antares,75.7
Kuaizhou-1A,5.5
Long March 2D,17.3
Ariane 5 ECA,170.0
Thor-Delta,1602.2
Thor-Delta,1602.2
Atlas V,198.3
Soyuz-U,32.1
Ariane 4,166.2
Long March 1,23.3
Soyuz-FG,96.6
Long March 2C,17.4
Ariane 4,166.2
Long March 1,23.3
Proton-M,91.1
Saturn V,1602.2
Kuaizhou-1A,5.2
Long March 11,9.6
Long March 5,146.1
H-II,166.2
Titan IV,504.4
Long March 1,23.3
Ariane 5 ECA,183.9
Space Shuttle,1800.6
Long March 5,143.3
Saturn V,1602.2
Soyuz-FG,80.0
Long March 2C,18.4
Saturn V,1602.2
Long March 2C,15.7
Soyuz-FG,69.3
Ariane 4,166.2
Saturn V,1602.2
Long March 4B,22.1
Proton-M,105.6
Kuaizhou-1A,5.3
Rokot,29.0
Long March 4B,21.8
Antares,84.5
Long March 4B,26.9
Soyuz-FG,67.1
Firefly Alpha,14.6
Ariane 5 ECA,164.3
H-II,166.2
Vega-C,29.7
Angara-A5,82.8
Soyuz-U,28.0
Long March 2C,17.4
Saturn IB,1602.2
Proton-M,115.0
Long March 1,23.3
Saturn V,1602.2
Thor-Delta,1602.2
Ceres-1,11.3
Antares,83.5
Long March 1,23.3
Space Shuttle,2394.6
Delta IV Medium,167.0
H-IIA,83.1
Atlas V,213.1
Thor-Delta,1602.2
Saturn V,1602.2
Space Shuttle,1958.1
Saturn V,1602.2
Long March 2C,20.9
Ariane 5 ECA,193.3
Kuaizhou-1A,5.6
Long March 4B,24.9
Falcon 1,7.4
Space Shuttle,1690.0
Titan IV,433.7
Ceres-1,11.3
Soyuz-FG,85.6
Soyuz-U,32.2
Titan IV,453.2
Long March 3B,66.1
Saturn IB,1602.2
Long March 1,23.3
Proton-M,92.4
Long March 3B,75.5
Long March 4B,25.3
Saturn IB,1602.2
Soyuz-FG,73.8
Thor-Delta,1602.2
Long March 5,131.9
Saturn V,1602.2
Proton-M,110.0
Proton-M,84.7
Long March 1,23.3
Saturn IB,1602.2
Titan IV,329.8
Long March 2C,21.5
Long March 1,23.3
Ariane 4,166.2
Long March 2C,23.1
Proton-M,110.3
Saturn IB,1602.2
Titan IV,573.8
Long March 2C,23.6
Long March 5,156.5
Saturn IB,1602.2
Terran 1,11.1
Titan IV,491.3
H-II,166.2
Long March 1,23.3
Falcon 1,9.2
Thor-Delta,1602.2
Kuaizhou-1A,4.9
Long March 1,23.3
Thor-Delta,1602.2
Proton-M,92.0
Soyuz-U,32.7
Saturn V,1602.2
PS4 / Vikram-S,11.3
H-II,166.2
Saturn V,1602.2
Kuaizhou-1A,4.3
Saturn V,1602.2
Long March 1,23.3
Falcon 1,6.4
Saturn IB,1602.2
H-II,166.2
Kuaizhou-1A,3.7
Saturn V,1602.2
Long March 5,147.6
Long March 5,125.4
Saturn V,1602.2
Firefly Alpha,15.8
Titan IV,433.9
Saturn V,1602.2
Falcon 1,6.5
Long March 2C,24.7
Pegasus XL,30.3
Proton-M,94.6
Angara-A5,74.2
PSLV,22.0
Rokot,32.6
Space Shuttle,1461.1
Saturn IB,1602.2
Long March 2C,18.9
Titan IV,397.4
Space Shuttle,1917.1
Saturn IB,1602.2
Atlas V,195.7
Saturn V,1602.2
Proton-M,110.3
Kuaizhou-1A,5.2
Ariane 5 ECA,185.3
LauncherOne,13.0
Proton-M,98.6
Saturn V,1602.2
Pegasus XL,28.9
Thor-Delta,1602.2
Long March 2D,20.0
Long March 3B,79.7
Titan IV,416.6
Long March 11,11.5
H-IIB,109.6
Long March 2C,22.6
Falcon 9 FT,72.2
Ariane 5 ECA,179.1
Hyperbola-1,11.3
PSLV,23.1
Soyuz-2.1b,70.4
Long March 11,9.2
Saturn IB,1602.2
Long March 7,77.8
Falcon 1,6.3
Saturn IB,1602.2
Long March 1,23.3
Long March 3B,75.2
Long March 1,23.3
Soyuz-FG,85.2
Long March 2C,20.0
Zhuque-2,11.3
Space Shuttle,1433.1
Soyuz-FG,102.8
Delta IV Medium,145.9
Long March 1,23.3
Soyuz-FG,67.0
Thor-Delta,1602.2
Falcon 9 FT,75.8
Titan IV,483.8
Long March 3B,74.3
Atlas V,135.5
Ariane 5 ECA,149.8
Rokot,28.9
Thor-Delta,1602.2
Long March 2F,23.3
Saturn V,1602.2
Titan IV,421.5
Long March 2F,23.3
Thor-Delta,1602.2
Proton-M,69.6
Long March 1,23.3
GSLV Mk II,66.2
Angara-A5,86.8
Long March 2F,23.3
Space Shuttle,2062.8
Soyuz-U,29.9
Proton-M,114.9
Titan IV,524.4
Hyperbola-1,11.3
Saturn V,1602.2
Long March 2D,17.5
Thor-Delta,1602.2
Saturn IB,1602.2
Long March 11,12.5
Soyuz-FG,77.7
Proton-M,105.2
Long March 1,23.3
Long March 2C,25.8
Long March 3B,77.8
Proton-M,92.0
Saturn V,1602.2
New Shepard,0.7
PS4 / Vikram-S,11.3
Angara-A5,89.5
Ariane 6,96.8
Saturn IB,1602.2
New Shepard,0.6
Proton-M,123.2
Saturn V,1602.2
Long March 3B,72.6
Space Shuttle,1621.6
Long March 2F,23.3
Firefly Alpha,13.2
Long March 2C,25.7
Soyuz-FG,76.0
Soyuz-2.1b,71.4
Long March 2C,23.1
Falcon 1,9.5
Soyuz-U,32.0
Space Shuttle,1775.9
Saturn V,1602.2
Thor-Delta,1602.2
Long March 2C,16.5
Falcon 1,6.1
Saturn V,1602.2
Ariane 4,166.2
Soyuz-U,29.5
Proton-M,105.7
Proton-M,84.4
Long March 2C,21.5
Long March 2D,21.5
Proton-M,100.4
Ariane 4,166.2
Long March 4B,23.9
Proton-M,113.0
Ariane 4,166.2
Kuaizhou-1A,4.6
Long March 2F,23.3
Soyuz-FG,79.0
Long March 11,10.0
Delta IV Heavy,354.6
Falcon 1,7.7
Falcon 9 FT,67.8
Saturn V,1602.2
Soyuz-FG,80.9
Falcon Heavy,88.2
Long March 1,23.3
Proton-M,87.6
Long March 2D,21.5
Delta IV Heavy,334.0
Long March 4B,27.3
Saturn IB,1602.2
Antares,80.3
Saturn V,1602.2
Delta IV Heavy,409.9
Titan IV,428.9
Ceres-1,11.3
Delta IV Medium,145.6
H-IIA,90.5
Thor-Delta,1602.2
Saturn IB,1602.2
Ariane 4,166.2
Soyuz-FG,103.8
Thor-Delta,1602.2
Delta IV Medium,154.7
Ceres-1,11.3
Long March 2C,19.6
Saturn V,1602.2
Long March 2C,20.1
GSLV Mk III (LVM3),91.4
Long March 1,23.3
Space Shuttle,1349.5
Ariane 4,166.2
Space Shuttle,1357.0
Soyuz-FG,71.5
Saturn IB,1602.2
Long March 2D,19.8
Long March 1,23.3
Long March 4B,23.8
Thor-Delta,1602.2
Thor-Delta,1602.2
Long March 7,69.1
Soyuz-U,31.4
Space Shuttle,1304.1
Long March 2C,21.6
Thor-Delta,1602.2
Soyuz-FG,79.2
Saturn IB,1602.2
Soyuz-U,31.5
LauncherOne,12.7
Soyuz-U,28.9
Long March 1,23.3
Long March 1,23.3
Long March 1,23.3
Long March 4B,28.8
LauncherOne,11.5
Delta IV Medium,168.3
Proton-M,101.2
Hyperbola-1,11.3
Long March 3B,81.0
Proton-M,91.6
Falcon 9 v1.0,65.6
Saturn IB,1602.2
H-IIA,91.2
Soyuz-FG,92.7
Long March 1,23.3
Ariane 5 ECA,178.7
Thor-Delta,1602.2
Soyuz-FG,78.8
Titan IV,503.2
Long March 2C,17.6
Long March 1,23.3
Titan IV,525.3
Delta IV Heavy,392.5
Long March 2D,23.8
Saturn IB,1602.2
PSLV,21.4
Proton-M,82.5
Saturn V,1602.2
Saturn IB,1602.2
Soyuz-2.1b,68.9
Long March 1,23.3
Proton-M,117.1
Falcon Heavy,100.3
Space Shuttle,1180.1
Soyuz-FG,99.8
Delta IV Heavy,319.3
Ariane 5 ECA,171.5
Long March 11,8.0
Thor-Delta,1602.2
Long March 2D,20.4
Long March 3B,66.2
Long March 7,85.4
Proton-M,88.9
Long March 1,23.3
Saturn V,1602.2
Ariane 5 ECA,233.9
Thor-Delta,1602.2
Long March 2F,23.3
Proton-M,107.0
Long March 2F,23.3
Ariane 5 ECA,176.7
Rokot,28.2
Titan IV,493.4
Long March 4B,22.7
Ceres-1,11.3
Delta II,71.4
Falcon 1,7.9
Long March 2C,17.4
Long March 3B,71.7
Ariane 5 ECA,164.0
Titan IV,379.0
Long March 2F,23.3
Ariane 4,166.2
Long March 2C,17.3
Long March 1,23.3
Saturn V,1602.2
Titan IV,387.6
H-II,166.2
Antares,89.2
Proton-M,110.3
Pegasus XL,31.6
Saturn V,1602.2
Saturn V,1602.2
Thor-Delta,1602.2
Long March 1,23.3
Long March 1,23.3
Long March 2C,19.7
Space Shuttle,1421.4
Soyuz-2.1b,68.2
New Shepard,0.5
Ariane 4,166.2
Long March 2C,22.8
Ceres-1,11.3
Space Shuttle,1596.7
Soyuz-FG,107.7
Long March 2D,19.0
Kuaizhou-1A,5.2
Long March 1,23.3
Thor-Delta,1602.2
Saturn V,1602.2
Long March 4B,19.1
Firefly Alpha,20.9
Firefly Alpha,13.1
Saturn IB,1602.2
Long March 1,23.3
Saturn IB,1602.2
Proton-M,116.8
Saturn V,1602.2
Long March 2C,21.0
Space Shuttle,1566.2
Thor-Delta,1602.2
Soyuz-FG,71.2
Soyuz-FG,84.1
Long March 2D,25.9
Ariane 4,166.2
Long March 4B,19.8
Saturn V,1602.2
Long March 4B,22.3
Long March 1,23.3
Long March 5,153.5
Minotaur I,29.2
H-IIB,145.8
Saturn V,1602.2
Ariane 4,166.2
Proton-M,97.6
Thor-Delta,1602.2
Saturn IB,1602.2
Saturn IB,1602.2
Soyuz-U,27.9
Proton-M,119.9
H-IIA,114.8
Long March 2C,17.8
New Shepard,0.5
Falcon 1,7.5
Saturn V,1602.2
Pegasus XL,30.9
Soyuz-FG,65.5
LauncherOne,12.3
PSLV,20.5
Long March 1,23.3
Long March 2F,23.3
Long March 1,23.3
Long March 5,166.9
Delta II,68.0
Saturn IB,1602.2
Space Shuttle,1328.4
Zhuque-2,11.3
Thor-Delta,1602.2
Long March 2C,16.0
Ariane 5 ECA,198.4
Ariane 4,166.2
Proton-M,110.0
H-IIB,127.9
Kuaizhou-1A,5.2
Saturn IB,1602.2
Saturn V,1602.2
Thor-Delta,1602.2
New Shepard,0.4
Ariane 4,166.2
Hyperbola-1,11.3
Delta IV Medium,176.5
Soyuz-FG,80.3
Long March 2D,18.3
Long March 2F,23.3
Titan IV,445.4
H-IIA,80.3
Proton-M,96.8
Long March 2D,20.8
Long March 5,139.5
Atlas V,188.6
H-II,166.2
Soyuz-2.1b,65.4
Ceres-1,11.3
Falcon 1,8.6
Saturn V,1602.2
Delta IV Medium,149.1
Space Shuttle,1409.1
Thor-Delta,1602.2
Delta IV Heavy,288.1
Ceres-1,11.3
Thor-Delta,1602.2
Proton-M,65.8
Soyuz-FG,101.2
Saturn V,1602.2
Rokot,32.6
Long March 2C,23.2
Saturn IB,1602.2
Saturn V,1602.2
Antares,86.4
Soyuz-U,32.4
Proton-M,139.8
PSLV,23.0
Saturn V,1602.2
Proton-M,89.9
Kuaizhou-1A,4.7
Rokot,32.4
Saturn V,1602.2
Delta II,65.1
Atlas V,231.0
Long March 1,23.3
Saturn IB,1602.2
Long March 2D,24.0
Long March 2C,20.2
Proton-M,137.9
Falcon Heavy,86.0
Long March 3B,70.5
Kuaizhou-1A,4.0
Long March 3B,86.6
Long March 7,81.1
Ariane 4,166.2
Long March 2C,20.7
Saturn V,1602.2
Thor-Delta,1602.2
Thor-Delta,1602.2
Atlas V,145.1
Thor-Delta,1602.2
Long March 2F,23.3
New Shepard,0.6
Soyuz-U,29.2
Long March 2C,17.8
Ariane 5 ECA,222.7
Soyuz-FG,65.4
Long March 2C,23.7
Long March 3B,74.9
Proton-M,100.1
Saturn IB,1602.2
Falcon 1,8.6
Long March 4B,23.3
Thor-Delta,1602.2
Long March 3B,69.5
Ariane 4,166.2
Falcon 1,6.7
Long March 1,23.3
Falcon 1,6.5
Long March 2D,17.1
Long March 1,23.3
Thor-Delta,1602.2
Rokot,32.4
Space Shuttle,1744.5
Soyuz-FG,75.0
H-IIA,80.8
Ariane 5 ECA,198.9
Long March 2C,16.7
Ariane 5 ECA,211.6
Thor-Delta,1602.2
Saturn IB,1602.2
Proton-M,105.1
Long March 2C,21.1
Soyuz-U,31.2
Saturn V,1602.2
Angara-A5,85.2
Long March 1,23.3
Proton-M,98.4
Long March 2F,23.3
Proton-M,111.9
Long March 5,122.0
Thor-Delta,1602.2
New Shepard,0.5
Delta IV Heavy,319.1
Ariane 5 ECA,149.2
Saturn IB,1602.2
Ariane 5 ECA,211.0
Long March 2C,20.6
Long March 2F,23.3
Soyuz-2.1b,75.1
Saturn V,1602.2
Thor-Delta,1602.2
Soyuz-FG,96.2
Saturn IB,1602.2
Long March 2C,17.0
Soyuz-FG,67.4
Saturn V,1602.2
Proton-M,107.9
Saturn V,1602.2
Long March 2C,18.1
Delta IV Heavy,382.9
Saturn V,1602.2
Long March 1,23.3
Thor-Delta,1602.2
Long March 5,151.8
Long March 2C,16.8
Terran 1,9.7
Long March 3B,86.5
Long March 3B,86.7
Antares,99.9
Long March 2D,21.9
Ceres-1,11.3
Soyuz-ST,65.4
Thor-Delta,1602.2
Ariane 4,166.2
Long March 3B,76.7
Long March 2F,23.3
Saturn IB,1602.2
Long March 2F,23.3
Space Shuttle,1560.8
Pegasus XL,23.7
Titan IV,431.2
Soyuz-FG,90.9
Atlas V,190.0
Proton-M,120.5
Delta IV Medium,142.9
Space Shuttle,1341.2
Angara-A5,91.4
Long March 1,23.3
Space Shuttle,2115.4
Long March 3B,79.2
Titan IV,416.0
Long March 2C,17.4
Ariane 5 ECA,156.3
Delta IV Medium,162.0
Proton-M,103.0
Long March 2D,19.1
Long March 2C,25.2
Kuaizhou-1A,6.1
Long March 3B,73.3
Space Shuttle,1186.8
Long March 4B,25.8
Thor-Delta,1602.2
Atlas V,177.0
Long March 1,23.3
Saturn V,1602.2
Long March 2C,23.4
Proton-M,98.7
PSLV,27.7
Long March 11,7.2
Thor-Delta,1602.2
Saturn V,1602.2
Long March 1,23.3
Proton-M,89.2
Long March 3B,82.6
Long March 4B,26.7
Long March 2F,23.3
Proton-M,98.7
Delta IV Heavy,299.6
Long March 1,23.3
Ceres-1,11.3
Space Shuttle,1889.1
New Shepard,0.5
Falcon 1,8.2
Space Shuttle,1839.8
Saturn V,1602.2
Long March 2F,23.3
Long March 1,23.3
Epsilon,26.1
Long March 2F,23.3
Atlas V,173.1
Saturn V,1602.2
Long March 2F,23.3
Space Shuttle,1161.3
Ariane 4,166.2
Long March 1,23.3
Thor-Delta,1602.2
Soyuz-U,32.6
Long March 11,13.5
Pegasus XL,29.3
Long March 1,23.3
Proton-M,104.3
Space Shuttle,1466.4
New Shepard,0.5
PS4 / Vikram-S,11.3
Long March 2C,19.4
Titan IV,511.9
Long March 2D,25.8
Space Shuttle,2149.1
Proton-M,95.9
Long March 3B,68.6
Minotaur I,30.1
Atlas V,161.0
Proton-M,88.4
H-II,166.2
Delta II,74.0
Long March 2D,18.3
Ariane 5 ECA,201.5
Long March 2C,15.4
Falcon Heavy,122.6
Saturn IB,1602.2
Angara-A5,103.9
Long March 1,23.3
Thor-Delta,1602.2
Titan IV,375.5
Titan IV,329.3
Saturn IB,1602.2
Proton-M,135.1
Soyuz-ST,81.4
Long March 2F,23.3
Saturn IB,1602.2
Long March 1,23.3
Long March 2F,23.3
Saturn IB,1602.2
Atlas V,157.8
Long March 2F,23.3
Long March 2D,19.4
Soyuz-FG,78.1
Proton-M,110.9
Proton-M,125.6
Thor-Delta,1602.2
Titan IV,425.7
Zhuque-2,11.3
Long March 5,125.3
Long March 7,65.1
Titan IV,418.1
Proton-M,145.0
Long March 11,11.2
Saturn V,1602.2
Long March 2C,17.6
Long March 1,23.3
Ariane 5 ECA,155.5
Long March 11,13.3
Proton-M,110.2
Titan IV,471.8
Falcon 1,7.1
Hyperbola-1,11.3
Long March 2D,17.8
PSLV,28.0
Long March 4B,25.4
Falcon 1,8.2
Saturn V,1602.2
Saturn V,1602.2
Hyperbola-1,11.3
Long March 2F,23.3
Long March 1,23.3
Thor-Delta,1602.2
Long March 4B,25.7
Saturn IB,1602.2
Saturn V,1602.2
Minotaur I,24.2
Long March 4B,24.5
Saturn IB,1602.2
Ariane 5 ECA,224.7
Thor-Delta,1602.2
Saturn V,1602.2
Saturn V,1602.2
LauncherOne,11.3
Titan IV,400.3
Kuaizhou-1A,5.1
Delta IV Heavy,395.9
Space Shuttle,1062.5
Long March 2D,22.4
Saturn V,1602.2
Saturn IB,1602.2
Soyuz-ST,65.6
Long March 1,23.3
Long March 1,23.3
Long March 2C,22.4
Long March 7,67.2
Long March 4B,24.2
Long March 4B,16.4
Angara-A5,146.1
Space Shuttle,2055.7
Delta IV Heavy,358.6
Space Shuttle,2147.4
Long March 2C,20.2
Proton-M,71.7
Long March 1,23.3
Saturn IB,1602.2
Thor-Delta,1602.2
Long March 1,23.3
Long March 3B,73.5
Space Shuttle,1853.0
Titan IV,334.9
Soyuz-U,26.1
Long March 5,145.6
Saturn IB,1602.2
Saturn IB,1602.2
Titan IV,476.3
Long March 1,23.3
Firefly Alpha,15.8
Atlas V,163.9
Long March 4B,30.8
Soyuz-2.1b,65.7
Thor-Delta,1602.2
Atlas V,159.5
Saturn V,1602.2
Long March 5,161.4
Saturn V,1602.2
Space Shuttle,1581.6
Titan IV,381.8
Falcon Heavy,86.9
Soyuz-2.1b,69.5
Thor-Delta,1602.2
Saturn V,1602.2
Thor-Delta,1602.2
Hyperbola-1,11.3
Soyuz-U,29.7
Soyuz-ST,73.1
Titan IV,273.3
Soyuz-2.1a,30.9
Saturn IB,1602.2
Soyuz-ST,67.2
Delta IV Medium,158.7
Long March 11,8.3
Kuaizhou-1A,3.7
Ariane 5 ECA,211.8
